{"cameraMode":{"drawMode":0,"name":"Shaded","section":"Shading Mode"},"sceneLighting":false,"audioPlay":false,"sceneViewState":{"showFog":true,"showMaterialUpdate":false,"showSkybox":false,"showFlares":true,"showImageEffects":true,"showParticleSystems":true},"in2DMode":false,"pivot":{"x":0.05430276691913605,"y":0.11919763684272766,"z":0.13270777463912965},"rotation":{"x":0.09731360524892807,"y":0.026270106434822084,"z":-0.0025838601868599655,"w":0.9949200749397278},"size":10.0,"orthographic":true}