{"cameraMode":{"drawMode":0,"name":"Shaded","section":"Shading Mode"},"sceneLighting":false,"audioPlay":false,"sceneViewState":{"showFog":true,"showMaterialUpdate":false,"showSkybox":false,"showFlares":true,"showImageEffects":true,"showParticleSystems":true},"in2DMode":false,"pivot":{"x":20.434856414794923,"y":7.337134838104248,"z":-37.03165817260742},"rotation":{"x":0.06697233766317368,"y":-0.9237845540046692,"z":0.18996715545654298,"w":0.3257136642932892},"size":31.995241165161134,"orthographic":false}