{"cameraMode":{"drawMode":0,"name":"Shaded","section":"Shading Mode"},"sceneLighting":false,"audioPlay":false,"sceneViewState":{"showFog":true,"showMaterialUpdate":false,"showSkybox":false,"showFlares":true,"showImageEffects":true,"showParticleSystems":true},"in2DMode":false,"pivot":{"x":-0.05958143621683121,"y":-0.017919301986694337,"z":0.015295937657356263},"rotation":{"x":-0.007628665305674076,"y":-0.9826182723045349,"z":-0.04128992557525635,"w":0.18092939257621766},"size":0.1374814510345459,"orthographic":false}