{"cameraMode":{"drawMode":0,"name":"Shaded","section":"Shading Mode"},"sceneLighting":false,"audioPlay":false,"sceneViewState":{"showFog":true,"showMaterialUpdate":false,"showSkybox":false,"showFlares":true,"showImageEffects":true,"showParticleSystems":true},"in2DMode":false,"pivot":{"x":-0.07927484810352326,"y":-0.2260921597480774,"z":0.18554724752902986},"rotation":{"x":0.0858624130487442,"y":-0.5348218679428101,"z":-0.0547369010746479,"w":-0.8388321995735169},"size":0.2442360520362854,"orthographic":false}